{"name":"e897199c-cc6d-46fb-9f1e-3b700c3c1285","id":"/providers/Microsoft.Flow/flows/e897199c-cc6d-46fb-9f1e-3b700c3c1285","type":"Microsoft.Flow/flows","properties":{"apiId":"/providers/Microsoft.PowerApps/apis/shared_logicflows","displayName":"LEIHS - Update Users (Github)","definition":{"metadata":{"workflowEntityId":null,"processAdvisorMetadata":null,"flowChargedByPaygo":null,"flowclientsuspensionreason":"None","flowclientsuspensiontime":null,"flowclientsuspensionreasondetails":null,"creator":{"id":"62f80a02-2c7f-479e-98fe-c3d1cbc7c72b","type":"User","tenantId":"63388041-0329-433c-a4b1-19a28fce31c6"},"provisioningMethod":"FromDefinition","failureAlertSubscription":true,"clientLastModifiedTime":"2024-11-20T10:33:25.6326606Z","connectionKeySavedTimeKey":"2024-11-20T10:33:25.6326606Z"},"$schema":"https://schema.management.azure.com/providers/Microsoft.Logic/schemas/2016-06-01/workflowdefinition.json#","contentVersion":"undefined","parameters":{"$authentication":{"defaultValue":{},"type":"SecureObject"},"$connections":{"defaultValue":{},"type":"Object"}},"triggers":{"manual":{"type":"Request","kind":"Button","inputs":{"schema":{"type":"object","properties":{},"required":[]}}}},"actions":{"Flow_Settings":{"runAfter":{},"metadata":{"operationMetadataId":"1ea584a9-9794-464a-bf8b-a38bff7bdeb3"},"type":"ParseJson","inputs":{"content":{"ServerURL":"","APIToken":"","LEIHSAdmins":["","","",""],"LEIHSServerAdmins":["",""],"Organization":"","ProfileImageURL":"","ProfileImageExtension":".jpg","MissingFromADOrganization":"Deleted.from.AD","ExcludeFromDeletion":["",""],"EmailResultsAddress":""},"schema":{"type":"object","properties":{"ServerURL":{"type":"string"},"APIToken":{"type":"string"}}}},"description":"Here you can set all of the setting needed for the flow to run correctly."},"Initialize_Messages_variable":{"runAfter":{"Flow_Settings":["Succeeded"]},"metadata":{"operationMetadataId":"390363b1-3dc9-43ab-a71f-a62586ad9656"},"type":"InitializeVariable","inputs":{"variables":[{"name":"varMessages","type":"string","value":"<table class=\"tg\" style=\"width:100%\" border=\"1\">\n<thead>\n  <th class=\"tg-0lax\">Status Code</th>\n  <th class=\"tg-0lax\">LEIHS Account ID</th>\n  <th class=\"tg-0lax\">User Name</th>\n  <th class=\"tg-0lax\">User Email Address</th>\n  <th class=\"tg-0lax\">Action Message</th>\n</thead>\n<tbody>"}]},"description":"This variable is a string formatted as an html table. It stores the results messages from actions. It's returned in the email at the end of the flow."},"Initialize_AD_NextPage_Variable":{"runAfter":{"Initialize_Messages_variable":["Succeeded"]},"metadata":{"operationMetadataId":"3773a9e8-37f0-404d-8455-55bab6deebd4"},"type":"InitializeVariable","inputs":{"variables":[{"name":"varAADUsersNextLink","type":"string","value":"https://graph.microsoft.com/beta/users?$top=999&$select=onPremisesExtensionAttributes%2c+displayName%2c+accountEnabled%2c+givenName%2c+jobTitle%2c+mail%2c+surname%2c+BusinessPhones%2c+City%2c+Department%2c+officeLocation%2c+postalCode%2c+State%2c+streetAddress%2c+userAccountControl%2c+mailNickname%2c+onPremisesDomainName%2conPremisesSamAccountName"}]}},"Initialize_ADData_array_variable":{"runAfter":{"Initialize_AD_NextPage_Variable":["Succeeded"]},"metadata":{"operationMetadataId":"e6b84ae8-8e13-4334-8185-818d9a46da35"},"type":"InitializeVariable","inputs":{"variables":[{"name":"varADData","type":"array"}]}},"Initialize_LEIHS_PageCounter_variable":{"runAfter":{"Initialize_ADData_array_variable":["Succeeded"]},"metadata":{"operationMetadataId":"3773a9e8-37f0-404d-8455-55bab6deebd4"},"type":"InitializeVariable","inputs":{"variables":[{"name":"varPageCounter","type":"integer","value":0}]}},"Initialize_LEIHSData_array_variable":{"runAfter":{"Initialize_LEIHS_PageCounter_variable":["Succeeded"]},"metadata":{"operationMetadataId":"e6b84ae8-8e13-4334-8185-818d9a46da35"},"type":"InitializeVariable","inputs":{"variables":[{"name":"varLEIHSData","type":"array"}]}},"Nothing_in_here_should_need_modifying":{"actions":{"Get_AD_Records":{"actions":{"Do_until_AADUsersNextLink_is_empty":{"actions":{"Join_PageArray_to_new_page":{"runAfter":{"Set_AADUsersNextLink":["Succeeded"]},"metadata":{"operationMetadataId":"1d03a6ac-0c4c-4e11-b8a4-89883ff23e72"},"type":"Compose","inputs":"@union(variables('varADData'),body('Send_an_HTTP_request')?['value'])"},"Reset_ADData_Array_variable":{"runAfter":{"Join_PageArray_to_new_page":["Succeeded"]},"metadata":{"operationMetadataId":"7c82275d-2cac-4eed-9c47-571625024a57"},"type":"SetVariable","inputs":{"name":"varADData","value":"@outputs('Join_PageArray_to_new_page')"}},"Send_an_HTTP_request":{"metadata":{"operationMetadataId":"f9e35e5c-dc39-4f99-86d0-002e5033293d"},"type":"OpenApiConnection","inputs":{"parameters":{"Uri":"@variables('varAADUsersNextLink')","Method":"GET","ContentType":"application/json"},"host":{"apiId":"/providers/Microsoft.PowerApps/apis/shared_office365users","connectionName":"shared_office365users-1","operationId":"HttpRequest"},"authentication":{"value":"@json(decodeBase64(triggerOutputs().headers['X-MS-APIM-Tokens']))['$ConnectionKey']","type":"Raw"}}},"Set_AADUsersNextLink":{"runAfter":{"Send_an_HTTP_request":["Succeeded"]},"metadata":{"operationMetadataId":"b50b8cfb-f9a9-47d9-8d1a-1774dc82a0fc"},"type":"SetVariable","inputs":{"name":"varAADUsersNextLink","value":"@coalesce(body('Send_an_HTTP_request')?['@odata.nextLink'],'')"}}},"expression":"@empty(variables('varAADUsersNextLink'))","limit":{"timeout":"PT12H"},"metadata":{"operationMetadataId":"589ed996-4552-4e59-9b46-225abf0ef848"},"type":"Until"},"Filter_array_to_remove_accounts_without_email_addresses":{"runAfter":{"Do_until_AADUsersNextLink_is_empty":["Succeeded"]},"metadata":{"operationMetadataId":"12140d83-bae9-4983-8629-182d51cf72ea"},"type":"Query","inputs":{"from":"@variables('varADData')","where":"@not(notequals(item()?['mail'],'null'))"}},"Filter_array_to_remove_accounts_not_containing_Organisation_in_email_address":{"runAfter":{"Filter_array_to_remove_accounts_without_email_addresses":["Succeeded"]},"metadata":{"operationMetadataId":"1731024c-563e-4ba6-8e49-6cf0c511bc42"},"type":"Query","inputs":{"from":"@body('Filter_array_to_remove_accounts_without_email_addresses')","where":"@contains(item()?['mail'],body('Flow_Settings')?['Organization'])"}},"Select":{"runAfter":{"Filter_array_to_remove_accounts_not_containing_Organisation_in_email_address":["Succeeded"]},"metadata":{"operationMetadataId":"c9d90c5d-94cd-4bc3-8106-51343df3cc5d"},"type":"Select","inputs":{"from":"@body('Filter_array_to_remove_accounts_not_containing_Organisation_in_email_address')","select":{"address":"@coalesce(item()?['streetAddress'],'')","email":"@coalesce(item()?['mail'],'')","img32_url":"@concat(body('Flow_Settings')?['ProfileImageURL'], string(item()?['onPremisesExtensionAttributes']['extensionAttribute1'])\n,body('Flow_Settings')?['ProfileImageExtension'])","account_enabled":"@if(equals(string(item()?['onPremisesDomainName']),'uni.worc.ac.uk'),if(equals(item()?['onPremisesExtensionAttributes']['extensionAttribute6'],'C'),true,false),item()?['accountEnabled'])","lastname":"@coalesce(item()?['surname'],'')","phone":"@coalesce(first(item()?['businessPhones']),'')","img_digest":"","org_id":"@coalesce(item()?['onPremisesSamAccountName'],string(first(split(item()?['mail'],'@'))))","city":"@coalesce(item()?['city'],'')","is_admin":"@if(contains(body('Flow_Settings')?['LEIHSAdmins'],item()?['onPremisesSamAccountName']), true, false)","admin_protected":"@if(contains(body('Flow_Settings')?['LEIHSAdmins'],item()?['\nonPremisesSamAccountName']), true, false)","is_system_admin":"@if(contains(body('Flow_Settings')?['LEIHSServerAdmins'],item()?['onPremisesSamAccountName']), true, false)","system_admin_protected":"@if(contains(body('Flow_Settings')?['LEIHSServerAdmins'],item()?['onPremisesSamAccountName']), true, false)","login":"@coalesce(item()?['onPremisesSamAccountName'],string(first(split(item()?['mail'],'@'))))","firstname":"@coalesce(item()['givenName'],'')","zip":"@coalesce(item()?['postalCode'],'')","url":"@coalesce(item()?['mySite'],'')","password_sign_in_enabled":"false","badge_id":"@coalesce(item()?['onPremisesSamAccountName'],string(first(split(item()?['mail'],'@'))))","img256_url":"@concat(body('Flow_Settings')?['ProfileImageURL'], string(item()?['onPremisesExtensionAttributes']['extensionAttribute1'])\n,body('Flow_Settings')?['ProfileImageExtension'])","organization":"@ coalesce(item()?['onPremisesDomainName'],'External')\n"}}}},"metadata":{"operationMetadataId":"b10b67d6-f60b-4d05-b86d-1227b3990c36"},"type":"Scope"},"Get_LEIHS_Records":{"actions":{"Do_until_no_more_accounts_in_returned_page":{"actions":{"Increment_PageCounter_variable_ready_to_retrieve_next_page":{"metadata":{"operationMetadataId":"f0ca8f68-54af-4e48-91f9-3dd4c225c6cd"},"type":"IncrementVariable","inputs":{"name":"varPageCounter"}},"Get_next_page_of_results_from_LEIHS":{"runAfter":{"Increment_PageCounter_variable_ready_to_retrieve_next_page":["Succeeded"]},"metadata":{"operationMetadataId":"8e43ce5d-fc7c-4efe-b4c3-0cf62f275315"},"type":"Http","inputs":{"uri":"https://@{body('Flow_Settings')?['ServerURL']}/admin/users/?per-page=1000&account_enabled=&page=@{variables('varPageCounter')}&fields=[\"badge_id\",\"address\",\"phone\",\"city\",\"zip\"]","method":"GET","headers":{"Authorization":"Token @{body('Flow_Settings')?['APIToken']}","Accept":"application/json","Content-Type":"application/json"}}},"Parse_returned_JSON_from_LEIHS_to_make_array":{"runAfter":{"Get_next_page_of_results_from_LEIHS":["Succeeded"]},"metadata":{"operationMetadataId":"477de911-c430-489d-abc1-e31d940d7c80"},"type":"ParseJson","inputs":{"content":"@body('Get_next_page_of_results_from_LEIHS')","schema":{"type":"object","properties":{"meta":{"type":"object","properties":{"organizations":{"type":"array","items":{"type":"string"}}}},"users":{"type":"array","items":{"type":"object","properties":{"email":{"type":["string","null"]},"login":{"type":["string","null"]},"id":{"type":["string","null"]}}}}}}}},"Join_PageArray_to_new_page_1":{"runAfter":{"Parse_returned_JSON_from_LEIHS_to_make_array":["Succeeded"]},"metadata":{"operationMetadataId":"1d03a6ac-0c4c-4e11-b8a4-89883ff23e72"},"type":"Compose","inputs":"@union(variables('varLEIHSData'),body('Parse_returned_JSON_from_LEIHS_to_make_array')?['users'])"},"Reset_LEIHS_data_variable":{"runAfter":{"Join_PageArray_to_new_page_1":["Succeeded"]},"metadata":{"operationMetadataId":"7c82275d-2cac-4eed-9c47-571625024a57"},"type":"SetVariable","inputs":{"name":"varLEIHSData","value":"@outputs('Join_PageArray_to_new_page_1')"}}},"expression":"@empty(body('Parse_returned_JSON_from_LEIHS_to_make_array')?['users'])","limit":{"count":70,"timeout":"PT12H"},"metadata":{"operationMetadataId":"589ed996-4552-4e59-9b46-225abf0ef848"},"type":"Until"}},"runAfter":{"Get_AD_Records":["Succeeded","TimedOut","Skipped","Failed"]},"metadata":{"operationMetadataId":"8f98b8a9-6a0e-4041-8314-b39f47eb8d3d"},"type":"Scope"},"Compare_Datasets":{"actions":{"Match_AD_data_filterable":{"runAfter":{"Make_LEIHS_data_filterable":["Succeeded"]},"metadata":{"operationMetadataId":"16d8ba24-0f57-4aa6-bf50-dc2fd893856b"},"type":"Select","inputs":{"from":"@body('Select')","select":{"login":"@item()['login']","email":"@item()['email']","img32_url":"@coalesce(item()['img32_url'],'')","account_enabled":"@coalesce(item()?['account_enabled'],'false')","lastname":"@coalesce(item()['lastname'],'')","org_id":"@coalesce(item()['org_id'],'')","firstname":"@coalesce(item()['firstname'],'')","badge_id":"@coalesce(item()['badge_id'],'')","address":"@coalesce(item()?['address'],'')","phone":"@coalesce(item()?['phone'],'')","city":"@coalesce(item()?['city'])","zip":"@coalesce(item()?['zip'],'')","organization":"@coalesce(item()?['organization'],'')"}}},"Filter_arrays_to_give_accounts_mismatched_from_either":{"runAfter":{"Match_AD_data_filterable":["Succeeded"]},"metadata":{"operationMetadataId":"9ae0b973-28ac-4552-b372-ad408515f887"},"type":"Query","inputs":{"from":"@body('Match_AD_data_filterable')","where":"@not(notcontains(body('Make_LEIHS_data_filterable'),item()))"}},"Make_LEIHS_data_filterable_by_login_only":{"runAfter":{"Filter_arrays_to_give_accounts_mismatched_from_either":["Succeeded"]},"metadata":{"operationMetadataId":"f5de4da7-b353-4dd0-b9fe-b04185f5565a"},"type":"Select","inputs":{"from":"@variables('varLEIHSData')","select":{"login":"@item()['login']"}}},"Make_AD_data_filterable_by_login_only":{"runAfter":{"Make_LEIHS_data_filterable_by_login_only":["Succeeded"]},"metadata":{"operationMetadataId":"f5de4da7-b353-4dd0-b9fe-b04185f5565a"},"type":"Select","inputs":{"from":"@body('Select')","select":{"login":"@item()['login']"}}},"Make_mismatched_data_filterable_by_login_only":{"runAfter":{"Make_AD_data_filterable_by_login_only":["Succeeded"]},"metadata":{"operationMetadataId":"f5de4da7-b353-4dd0-b9fe-b04185f5565a"},"type":"Select","inputs":{"from":"@body('Filter_arrays_to_give_accounts_mismatched_from_either')","select":{"login":"@item()['login']"}}},"Make_LEIHS_data_filterable":{"metadata":{"operationMetadataId":"f5de4da7-b353-4dd0-b9fe-b04185f5565a"},"type":"Select","inputs":{"from":"@variables('varLEIHSData')","select":{"login":"@item()['login']","email":"@item()['email']","img32_url":"@coalesce(item()['img32_url'],'')","account_enabled":"@coalesce(item()?['account_enabled'],'false')","lastname":"@coalesce(item()['lastname'],'')","org_id":"@coalesce(item()['org_id'],'')","firstname":"@coalesce(item()['firstname'],'')","badge_id":"@coalesce(item()['badge_id'],'')","address":"@coalesce(item()?['address'],'')","phone":"@coalesce(item()?['phone'],'')","city":"@coalesce(item()?['city'],'')","zip":"@coalesce(item()?['zip'],'')","organization":"@coalesce(item()?['organization'],'')"}}}},"runAfter":{"Get_LEIHS_Records":["Succeeded","TimedOut","Skipped","Failed"]},"metadata":{"operationMetadataId":"7ecd8d18-06b6-41d6-a58c-24b83937e763"},"type":"Scope"},"Process_Mismatched_Data":{"actions":{"Filter_arrays_to_give_New_and_Update_AD_Accounts":{"metadata":{"operationMetadataId":"0fda78cd-faee-46a0-95ab-0467048741ff"},"type":"Compose","inputs":"@intersection(body('Filter_arrays_to_give_accounts_mismatched_from_either'),body('Match_AD_data_filterable'))"},"Process_each_account_present_in_LEIHS":{"foreach":"@outputs('Filter_arrays_to_give_New_and_Update_AD_Accounts')","actions":{"Get_existing_account_data_from_original_LEIHS_Array":{"metadata":{"operationMetadataId":"17d3fb77-b584-4578-a097-99902e921363"},"type":"Query","inputs":{"from":"@variables('varLEIHSData')","where":"@equals(item()['login'],items('Process_each_account_present_in_LEIHS')?['login'])"}},"Condition":{"actions":{"Update_user":{"runAfter":{"Append_LEIHS_account_ID_to_AD_data":["Succeeded"]},"limit":{"timeout":"PT10S"},"metadata":{"operationMetadataId":"90773a4b-c60f-40e0-8b84-395478fa6e51"},"type":"Http","inputs":{"uri":"https://@{body('Flow_Settings')?['ServerURL']}/admin/users/@{outputs('Append_LEIHS_account_ID_to_AD_data')?['id']}","method":"PATCH","headers":{"Authorization":"Token @{body('Flow_Settings')?['APIToken']}","Content-Type":"application/json"},"body":"@outputs('Append_LEIHS_account_ID_to_AD_data')","retryPolicy":{"type":"fixed","count":2,"interval":"PT20S"}}},"Increment_User_Errors_(update)_variable":{"runAfter":{"Update_user":["TimedOut","Skipped","Failed"]},"metadata":{"operationMetadataId":"48fc067f-8bc7-470b-b3bb-d518f8aa2909"},"type":"Compose","inputs":"@add(0,1)"},"Append_update_error_to_results_string_variable":{"runAfter":{"Increment_User_Errors_(update)_variable":["Succeeded"]},"metadata":{"operationMetadataId":"21974093-a4d9-418d-ae56-72e69c9fa57a"},"type":"AppendToStringVariable","inputs":{"name":"varMessages","value":"<tr>\n   <td class=\"tg-0lax\"> @{outputs('Update_user')['statusCode']}\n   </td>   \n   <td class=\"tg-0lax\">@{item()?['id']} @{item()['login']}\n   </td>\n   <td class=\"tg-0lax\">@{item()?['firstname']}@{item()?['lastname']} \n   </td>\n  <td class=\"tg-0lax\">@{item()?['email']}\n  </td>\n  <td class=\"tg-0lax\">Updateing: @{decodeBase64(outputs('Update_user')?['body']['$content'])}\n  </td>\n</tr>\n"}},"Increment_Users_Updated_variable":{"runAfter":{"Update_user":["Succeeded"]},"metadata":{"operationMetadataId":"0258f85f-b73a-49c0-9792-019457f67b8e"},"type":"Compose","inputs":"@add(0,1)"},"Append_LEIHS_account_ID_to_AD_data":{"metadata":{"operationMetadataId":"9eaec729-9e0e-4876-9202-f53073c1463c"},"type":"Compose","inputs":"@addProperty(item(),'id',body('Get_existing_account_data_from_original_LEIHS_Array')?[0]?['id'])"}},"runAfter":{"Get_existing_account_data_from_original_LEIHS_Array":["Succeeded"]},"else":{"actions":{"Create_user":{"metadata":{"operationMetadataId":"90773a4b-c60f-40e0-8b84-395478fa6e51"},"type":"Http","inputs":{"uri":"https://@{body('Flow_Settings')?['ServerURL']}/admin/users/","method":"POST","headers":{"Authorization":"Token @{body('Flow_Settings')?['APIToken']}","Content-Type":"application/json"},"body":"@item()"}},"Increment_User_Errors_(add)_variable":{"runAfter":{"Create_user":["TimedOut","Skipped","Failed"]},"metadata":{"operationMetadataId":"2f87ce73-87bb-40b6-9e88-f590a833b098"},"type":"Compose","inputs":"@add(0,1)"},"Increment_Users_Added_variable":{"runAfter":{"Create_user":["Succeeded"]},"metadata":{"operationMetadataId":"f68ad746-a8af-433e-972d-576d736181bf"},"type":"Compose","inputs":"@add(0,1)"},"Append_user_added_to_results_string_variable":{"runAfter":{"Increment_Users_Added_variable":["Succeeded"]},"metadata":{"operationMetadataId":"b59dee7d-669c-4ce8-a460-8c758a19d235"},"type":"AppendToStringVariable","inputs":{"name":"varMessages","value":"<tr>\n   <td class=\"tg-0lax\">@{outputs('Create_user')?['statusCode']}\n   </td>   \n   <td class=\"tg-0lax\">\n   </td>\n   <td class=\"tg-0lax\">@{item()?['firstname']} @{item()?['lastname']} \n   </td>\n  <td class=\"tg-0lax\">@{item()?['email']}\n  </td>\n  <td class=\"tg-0lax\">Addition: Success\n  </td>\n</tr>\n"}},"Append_user_added_error_to_results_string_variable":{"runAfter":{"Increment_User_Errors_(add)_variable":["Succeeded"]},"metadata":{"operationMetadataId":"b59dee7d-669c-4ce8-a460-8c758a19d235"},"type":"AppendToStringVariable","inputs":{"name":"varMessages","value":"<tr>\n   <td class=\"tg-0lax\">@{outputs('Create_user')['statusCode']} \n   </td>   \n   <td class=\"tg-0lax\">\n   </td>\n   <td class=\"tg-0lax\">@{item()?['firstname']} @{item()?['lastname']}\n   </td>\n  <td class=\"tg-0lax\">@{item()?['email']}\n  </td>\n  <td class=\"tg-0lax\">Adding: @{decodeBase64(outputs('Create_user')?['body']['$content'])}\n  </td>\n</tr>\n"}}}},"expression":{"and":[{"equals":["@not(empty(body('Get_existing_account_data_from_original_LEIHS_Array')))","@true"]}]},"metadata":{"operationMetadataId":"8a6ef53f-118d-4099-824c-1949a1b3bbb3"},"type":"If"}},"runAfter":{"Filter_arrays_to_give_New_and_Update_AD_Accounts":["Succeeded"]},"metadata":{"operationMetadataId":"409865f9-adeb-4dbb-bb5a-68edceca8784"},"type":"Foreach","runtimeConfiguration":{"concurrency":{"repetitions":20}}},"Filter_arrays_to_give_accounts_missing_from_AD":{"metadata":{"operationMetadataId":"284d3da6-1efa-40e9-a501-ddfcb4661cb1"},"type":"Query","inputs":{"from":"@body('Make_LEIHS_data_filterable_by_login_only')","where":"@not(notcontains(body('Make_AD_data_filterable_by_login_only'),item()))"}},"Process_each_account_missing_from_AD":{"foreach":"@body('Filter_arrays_to_give_accounts_missing_from_AD')","actions":{"Get_existing_account_data_from_original_LEIHS_to_disable":{"metadata":{"operationMetadataId":"17d3fb77-b584-4578-a097-99902e921363"},"type":"Query","inputs":{"from":"@variables('varLEIHSData')","where":"@equals(item()['login'],items('Process_each_account_missing_from_AD')?['login'])"}},"Only_process_enabled_accounts-copy":{"actions":{"Append_disable_error_to_results_from_filter":{"runAfter":{"Increment_User_Errors_(disable)_variable":["Succeeded"]},"metadata":{"operationMetadataId":"21974093-a4d9-418d-ae56-72e69c9fa57a"},"type":"AppendToStringVariable","inputs":{"name":"varMessages","value":"<tr>\n   <td class=\"tg-0lax\">@{outputs('Deliver_JSON_Payload_to_LEIHS')?['statusCode']}\n   </td>   \n   <td class=\"tg-0lax\">@{body('Get_existing_account_data_from_original_LEIHS_to_disable')[0]?['id']}\n   </td>\n   <td class=\"tg-0lax\">@{body('Get_existing_account_data_from_original_LEIHS_to_disable')[0]?['firstname']} @{body('Get_existing_account_data_from_original_LEIHS_to_disable')[0]?['lastname']}  \n   </td>\n  <td class=\"tg-0lax\">@{coalesce(body('Get_existing_account_data_from_original_LEIHS_to_disable')[0]?['email'],body('Get_existing_account_data_from_original_LEIHS_to_disable')[0]?['login'])}\n  </td>\n  <td class=\"tg-0lax\">Unable to get existing account data to disable from LEIHS Array\n  </td>\n</tr>\n"}},"Increment_Users_Deleted_variable":{"runAfter":{"Deliver_JSON_Payload_to_LEIHS":["Succeeded"]},"metadata":{"operationMetadataId":"f68ad746-a8af-433e-972d-576d736181bf"},"type":"Compose","inputs":"@add(0,1)"},"Deliver_JSON_Payload_to_LEIHS":{"metadata":{"operationMetadataId":"90773a4b-c60f-40e0-8b84-395478fa6e51"},"type":"Http","inputs":{"uri":"https://@{body('Flow_Settings')?['ServerURL']}/admin/users/@{body('Get_existing_account_data_from_original_LEIHS_to_disable')[0]?['id']}","method":"PATCH","headers":{"Authorization":"Token @{body('Flow_Settings')?['APIToken']}","Content-Type":"application/json"},"body":"@outputs('Compose_JSON_Payload_to_disable_account')"}},"Append_disabled_account_to_results":{"runAfter":{"Increment_Users_Deleted_variable":["Succeeded"]},"type":"AppendToStringVariable","inputs":{"name":"varMessages","value":"<tr>\n   <td class=\"tg-0lax\">@{outputs('Deliver_JSON_Payload_to_LEIHS')?['statusCode']}\n   </td>   \n   <td class=\"tg-0lax\">@{body('Get_existing_account_data_from_original_LEIHS_to_disable')[0]?['id']}\n   </td>\n   <td class=\"tg-0lax\">@{body('Get_existing_account_data_from_original_LEIHS_to_disable')[0]?['firstname']} @{body('Get_existing_account_data_from_original_LEIHS_to_disable')[0]?['lastname']}  \n   </td>\n  <td class=\"tg-0lax\">@{coalesce(body('Get_existing_account_data_from_original_LEIHS_to_disable')[0]?['email'],body('Get_existing_account_data_from_original_LEIHS_to_disable')[0]?['login'])}\n  </td>\n  <td class=\"tg-0lax\">Disabled\n  </td>\n</tr>"}},"Increment_User_Errors_(disable)_variable":{"runAfter":{"Increment_Users_Deleted_variable":["TimedOut","Skipped","Failed"]},"metadata":{"operationMetadataId":"48fc067f-8bc7-470b-b3bb-d518f8aa2909"},"type":"Compose","inputs":"@add(0,1)"}},"runAfter":{"Get_existing_account_data_from_original_LEIHS_to_disable":["Succeeded"]},"else":{"actions":{}},"expression":{"and":[{"not":{"equals":["@body('Get_existing_account_data_from_original_LEIHS_to_disable')[0]?['organization']","@body('Flow_Settings')?['MissingFromADOrganization']"]}},{"not":{"contains":["@body('Flow_Settings')?['ExcludeFromDeletion']","@body('Get_existing_account_data_from_original_LEIHS_to_disable')[0]?['email']"]}}]},"metadata":{"operationMetadataId":"2d74ebd9-1bbb-4f2c-8fab-40c0b60b0f51"},"type":"If"}},"runAfter":{"Compose_JSON_Payload_to_disable_account":["Succeeded"]},"metadata":{"operationMetadataId":"409865f9-adeb-4dbb-bb5a-68edceca8784"},"type":"Foreach","runtimeConfiguration":{"concurrency":{"repetitions":20}}},"Compose_JSON_Payload_to_disable_account":{"runAfter":{"Filter_arrays_to_give_accounts_missing_from_AD":["Succeeded"]},"metadata":{"operationMetadataId":"4ac6278f-4074-41e3-a0eb-c8e0f7662ec3"},"type":"Compose","inputs":{"account_enabled":false,"organization":"@body('Flow_Settings')?['MissingFromADOrganization']"}}},"runAfter":{"Compare_Datasets":["Succeeded","TimedOut","Skipped","Failed"]},"type":"Scope"},"Process_Results_and_Generate_Reports":{"actions":{"Filter_Additions":{"metadata":{"operationMetadataId":"ac4dc3bd-3898-44be-a013-5a57c4a7acdd"},"type":"Query","inputs":{"from":"@coalesce(outputs('Increment_Users_Added_variable'), json('[]'))","where":"@equals(coalesce(item(), 0), 1)"}},"Filter_Updates":{"runAfter":{"Filter_Additions":["Succeeded"]},"metadata":{"operationMetadataId":"6f29feb5-89f8-4869-a905-fea4663a8d81"},"type":"Query","inputs":{"from":"@coalesce(outputs('Increment_Users_Updated_variable'), json('[]'))","where":"@equals(coalesce(item(), 0), 1)"}},"Filter_Deleted":{"runAfter":{"Filter_Updates":["Succeeded"]},"metadata":{"operationMetadataId":"6f29feb5-89f8-4869-a905-fea4663a8d81"},"type":"Query","inputs":{"from":"@coalesce(outputs('Increment_Users_Deleted_variable'), json('[]'))","where":"@equals(coalesce(item(), 0), 1)"}},"Filter_Errors":{"runAfter":{"Filter_Deleted":["Succeeded"]},"metadata":{"operationMetadataId":"3292439a-6e25-424f-b081-94bd6db0a826"},"type":"Query","inputs":{"from":"@json(replace(concat(string(outputs('Increment_User_Errors_(add)_variable')), string(outputs('Increment_User_Errors_(update)_variable')),string(outputs('Increment_User_Errors_(disable)_variable'))), '\"][\"', '\",\"'))","where":"@equals(coalesce(item(), 0), 1)"}},"Send_an_email_of_results":{"runAfter":{"Filter_Errors":["Succeeded"]},"metadata":{"operationMetadataId":"d9d953cd-8401-4dba-9c78-50f2b199a866"},"type":"OpenApiConnection","inputs":{"parameters":{"emailMessage/To":"@body('Flow_Settings')?['EmailResultsAddress']","emailMessage/Subject":"LEIHS - Update users (@{body('Flow_Settings')?['ServerURL']}) completed","emailMessage/Body":"<p class=\"editor-paragraph\">The flow has completed.<br><br>@{length(variables('varADData'))} retrieved from AD.<br>@{sub(length(variables('varADData')), length(body('Filter_array_to_remove_accounts_without_email_addresses')))} users without email address leaving @{length(body('Filter_array_to_remove_accounts_without_email_addresses'))}.<br>@{sub(length(variables('varADData')), length(body('Filter_array_to_remove_accounts_not_containing_Organisation_in_email_address')))} users without \"@{body('Flow_Settings')?['Organization']}\" in email leaving @{length(body('Filter_array_to_remove_accounts_not_containing_Organisation_in_email_address'))}.<br><br>@{length(body('Filter_arrays_to_give_accounts_mismatched_from_either'))} were flagged as non-existant or needing updating.<br>@{length(body('Filter_Additions'))} users were added.<br>@{length(body('Filter_Updates'))} users were updated.<br><br>@{sub(length(body('Filter_arrays_to_give_accounts_missing_from_AD')),length(body('Flow_Settings')?['ExcludeFromDeletion']))} were flagged as missing from AD.<br>@{length(body('Filter_Deleted'))} users were deleted.<br><br>@{length(body('Filter_Errors'))} had errors.<br>@{add(add(length(body('Filter_Additions')), length(body('Filter_Updates'))), length(body('Filter_Errors')))} were processed.<br><br>A full log of messages is available below:<br>@{variables('varMessages')}</p><br>","emailMessage/Importance":"Normal"},"host":{"apiId":"/providers/Microsoft.PowerApps/apis/shared_office365","connectionName":"shared_office365","operationId":"SendEmailV2"},"authentication":{"value":"@json(decodeBase64(triggerOutputs().headers['X-MS-APIM-Tokens']))['$ConnectionKey']","type":"Raw"}}}},"runAfter":{"Process_Mismatched_Data":["Succeeded","TimedOut","Skipped","Failed"]},"type":"Scope"}},"runAfter":{"Initialize_LEIHSData_array_variable":["Succeeded"]},"type":"Scope","description":"Once configure, nothing before here should need changing with the exception of any custom badge ID coding and mapping of image URL etc"}}},"connectionReferences":{"shared_office365users-1":{"connectionName":"shared-office365user-90ddc0c7-e381-4a6e-9988-99ef3c5eef36","source":"Invoker","id":"/providers/Microsoft.PowerApps/apis/shared_office365users","tier":"NotSpecified"},"shared_office365":{"connectionName":"195f13b1-7236-4190-b03c-70e9-04784b57","source":"Invoker","id":"/providers/Microsoft.PowerApps/apis/shared_office365","tier":"NotSpecified"}},"flowFailureAlertSubscribed":false,"isManaged":false}}